{
  "checkpoint": "/tmp/dwarf-j17d/autoresearch/checkpoints/df0d435_j24d_int2_physics_best.pt",
  "n_tokens": 42,
  "dsqg_layers": [
    0,
    1,
    2,
    3,
    4
  ],
  "if_gains": {
    "0": [
      0.623643696308136,
      0.6642982959747314,
      0.6391510963439941,
      0.61835777759552,
      0.6420245170593262,
      0.6370243430137634,
      0.5886404514312744,
      0.5533624887466431
    ],
    "1": [
      0.9190830588340759,
      0.9242634773254395,
      0.8950680494308472,
      0.913468599319458,
      0.9261815547943115,
      0.8973601460456848,
      0.9361884593963623,
      0.8696691989898682
    ],
    "2": [
      1.0599342584609985,
      1.0714672803878784,
      1.0145483016967773,
      1.0158476829528809,
      0.9748232960700989,
      1.055846095085144,
      1.0494403839111328,
      1.0294692516326904
    ],
    "3": [
      1.0513488054275513,
      1.0594042539596558,
      1.10599684715271,
      1.0090101957321167,
      1.0491966009140015,
      1.0980048179626465,
      0.9625086784362793,
      1.0553193092346191
    ],
    "4": [
      1.107254147529602,
      1.1205806732177734,
      1.157990574836731,
      1.155408263206482,
      1.2104579210281372,
      1.0237529277801514,
      0.9714323282241821,
      1.0758209228515625
    ]
  },
  "pos_bias_l0_per_head_mean": [
    -0.6037247180938721,
    -1.280683159828186,
    -1.952196478843689,
    -2.642997980117798,
    -3.26086163520813,
    -3.923100709915161,
    -4.655175685882568,
    -5.36399507522583
  ],
  "offsets": [
    1,
    2,
    3,
    4,
    5,
    6,
    7,
    8,
    9,
    10,
    13,
    15,
    16,
    21,
    23,
    28,
    48,
    64,
    96,
    192,
    384,
    512,
    768,
    1024
  ]
}