{
  "checkpoint": "checkpoints/condU_v5/best.pt",
  "n_tokens": 269,
  "dsqg_layers": [
    0,
    1,
    2,
    3,
    4
  ],
  "if_gains": {
    "0": [
      0.6778306365013123,
      0.6312540769577026,
      0.5606209635734558,
      0.5810600519180298,
      0.619888186454773,
      0.543152391910553,
      0.4239268898963928,
      0.429563045501709
    ],
    "1": [
      0.9746284484863281,
      0.9724029302597046,
      0.9319632053375244,
      0.9141300916671753,
      0.932159423828125,
      0.8929890990257263,
      0.8718459010124207,
      0.8926345705986023
    ],
    "2": [
      0.9747180938720703,
      0.9772580862045288,
      1.0983492136001587,
      1.1086676120758057,
      1.0809181928634644,
      1.0075759887695312,
      1.0434622764587402,
      0.9712631702423096
    ],
    "3": [
      1.1301836967468262,
      1.0828187465667725,
      0.9515604972839355,
      1.1302130222320557,
      1.161124348640442,
      0.9912159442901611,
      1.070559024810791,
      1.105326533317566
    ],
    "4": [
      1.1471922397613525,
      1.0571609735488892,
      1.1092978715896606,
      1.100090503692627,
      1.2150657176971436,
      1.0595911741256714,
      1.2040555477142334,
      0.9811160564422607
    ]
  },
  "pos_bias_l0_per_head_mean": [
    -0.5436025857925415,
    -1.335795521736145,
    -2.168196678161621,
    -2.8831920623779297,
    -3.5051474571228027,
    -4.265029430389404,
    -4.967474937438965,
    -5.538504600524902
  ],
  "offsets": [
    0,
    1,
    2,
    3,
    4,
    5,
    6,
    7,
    8,
    9,
    10,
    11,
    12,
    13,
    14,
    15,
    16,
    17,
    18,
    19,
    20,
    21,
    22,
    23,
    24,
    25,
    26,
    27,
    28,
    29,
    30,
    31,
    32,
    48,
    64,
    96,
    128,
    192,
    256,
    384,
    512,
    768,
    1024,
    1536
  ]
}