{
  "checkpoint": "checkpoints/d41s5/best.pt",
  "n_tokens": 269,
  "dsqg_layers": [
    0,
    1,
    2,
    3,
    4
  ],
  "if_gains": {
    "0": [
      0.759615421295166,
      0.7655680179595947,
      0.7380914092063904,
      0.8273589015007019,
      0.7744526863098145,
      0.6687743663787842,
      0.6462255120277405,
      0.620398223400116
    ],
    "1": [
      1.0382541418075562,
      1.0338294506072998,
      0.9539462327957153,
      0.9575912952423096,
      0.9837101101875305,
      0.9153602719306946,
      0.9005306959152222,
      0.9047642946243286
    ],
    "2": [
      1.0515875816345215,
      1.0729254484176636,
      0.9681448340415955,
      1.038809895515442,
      1.0608521699905396,
      0.9566564559936523,
      1.0163447856903076,
      1.0095031261444092
    ],
    "3": [
      1.1627211570739746,
      1.1638720035552979,
      1.0475562810897827,
      1.1708325147628784,
      1.1031643152236938,
      1.1042307615280151,
      1.0469247102737427,
      1.065409541130066
    ],
    "4": [
      1.0376198291778564,
      1.1455374956130981,
      1.0904197692871094,
      1.1147466897964478,
      1.0987434387207031,
      1.1505714654922485,
      1.15059494972229,
      1.023903489112854
    ]
  },
  "pos_bias_l0_per_head_mean": [
    -0.5043438076972961,
    -1.188080906867981,
    -1.9810279607772827,
    -2.434595823287964,
    -3.0727932453155518,
    -3.6510820388793945,
    -4.203791618347168,
    -4.896909236907959
  ],
  "offsets": [
    0,
    1,
    2,
    3,
    4,
    5,
    6,
    7,
    8,
    9,
    10,
    11,
    12,
    13,
    14,
    15,
    16,
    17,
    18,
    19,
    20,
    21,
    22,
    23,
    24,
    25,
    26,
    27,
    28,
    29,
    30,
    31,
    32,
    33,
    34,
    35,
    36,
    37,
    38,
    39,
    40,
    41,
    48,
    128,
    384,
    768,
    1536
  ]
}