{
  "label": "condU-v5 38M (MOVT+QK-OVT+NPCI, D=512)",
  "n_params": 38732856,
  "timestamp": "20260311_195450",
  "tasks": [
    "hellaswag",
    "piqa",
    "arc_easy",
    "arc_challenge",
    "winogrande",
    "lambada"
  ],
  "results": {
    "hellaswag": {
      "accuracy": 0.24736108344951205,
      "correct": 2484,
      "total": 10042,
      "elapsed_s": 111.73206162452698
    },
    "piqa": {
      "accuracy": 0.5718171926006529,
      "correct": 1051,
      "total": 1838,
      "elapsed_s": 8.298760414123535
    },
    "arc_easy": {
      "accuracy": 0.3684210526315789,
      "correct": 210,
      "total": 570,
      "elapsed_s": 5.000471115112305
    },
    "arc_challenge": {
      "accuracy": 0.21070234113712374,
      "correct": 63,
      "total": 299,
      "elapsed_s": 2.6834540367126465
    },
    "winogrande": {
      "accuracy": 0.5224940805051302,
      "correct": 662,
      "total": 1267,
      "elapsed_s": 5.389359474182129
    },
    "lambada": {
      "accuracy": 0.10362895400737435,
      "correct": 534,
      "total": 5153,
      "elapsed_s": 14.800543069839478
    }
  }
}