{
  "label": "J24D-int2 Physics 39.5M (J=24, V8, IF=2, condV physics)",
  "n_params": 39514492,
  "timestamp": "20260315_123121",
  "tasks": [
    "hellaswag",
    "piqa",
    "arc_easy",
    "arc_challenge",
    "winogrande",
    "lambada"
  ],
  "results": {
    "hellaswag": {
      "accuracy": 0.24427404899422425,
      "correct": 2453,
      "total": 10042,
      "elapsed_s": 481.4318256378174
    },
    "piqa": {
      "accuracy": 0.5620239390642002,
      "correct": 1033,
      "total": 1838,
      "elapsed_s": 34.027416706085205
    },
    "arc_easy": {
      "accuracy": 0.3473684210526316,
      "correct": 198,
      "total": 570,
      "elapsed_s": 20.430675983428955
    },
    "arc_challenge": {
      "accuracy": 0.19732441471571907,
      "correct": 59,
      "total": 299,
      "elapsed_s": 10.871338844299316
    },
    "winogrande": {
      "accuracy": 0.5090765588003157,
      "correct": 645,
      "total": 1267,
      "elapsed_s": 22.624608039855957
    },
    "lambada": {
      "accuracy": 0.09722491752377256,
      "correct": 501,
      "total": 5153,
      "elapsed_s": 47.846867084503174
    }
  }
}