{
  "checkpoint": "checkpoints/condV/best.pt",
  "n_tokens": 269,
  "dsqg_layers": [
    0,
    1,
    2,
    3,
    4
  ],
  "if_gains": {
    "0": [
      0.7513410449028015,
      0.7791961431503296,
      0.766272783279419,
      0.8530441522598267,
      0.7171480655670166,
      0.7003112435340881,
      0.6896467208862305,
      0.7067559361457825
    ],
    "1": [
      0.9348949790000916,
      0.9739447832107544,
      0.9430389404296875,
      0.9746296405792236,
      0.9587663412094116,
      0.9657078981399536,
      0.944459855556488,
      0.9423601031303406
    ],
    "2": [
      1.139997959136963,
      1.0644030570983887,
      1.1187281608581543,
      1.0592689514160156,
      1.0218714475631714,
      1.0444457530975342,
      1.0572283267974854,
      1.048492431640625
    ],
    "3": [
      1.083920955657959,
      1.0463361740112305,
      1.0551724433898926,
      1.0660017728805542,
      1.047519326210022,
      1.1295092105865479,
      1.0708649158477783,
      1.0347481966018677
    ],
    "4": [
      1.0311360359191895,
      1.103796362876892,
      1.062335729598999,
      1.1344318389892578,
      1.0135658979415894,
      1.0444896221160889,
      1.137025237083435,
      1.0190458297729492
    ]
  },
  "pos_bias_l0_per_head_mean": [
    -0.6555286645889282,
    -1.4398773908615112,
    -2.2411978244781494,
    -2.9156415462493896,
    -3.600358486175537,
    -4.424244403839111,
    -5.113438129425049,
    -5.803089618682861
  ],
  "offsets": [
    0,
    1,
    2,
    3,
    4,
    5,
    6,
    7,
    8,
    9,
    10,
    11,
    12,
    13,
    14,
    15,
    16,
    17,
    18,
    19,
    20,
    21,
    22,
    23,
    24,
    25,
    26,
    27,
    28,
    29,
    30,
    31,
    32,
    48,
    64,
    96,
    128,
    192,
    256,
    384,
    512,
    768,
    1024,
    1536
  ]
}