{
  "config_description": "6-tap lattice exploring 2-angle space",
  "filter_taps": 6,
  "lattice_angles_deg": [
    60.0001403060998,
    30.0000701530499
  ],
  "filter_coefficients": [
    -0.30618582740500966,
    0.17677696973394788,
    0.8365169375289738,
    0.22414623340601503,
    0.1767756710625835,
    0.3061835780465846
  ],
  "metrics": {
    "sparse_approx_mse": 0.151283003784323,
    "scale_separation": 0.07185666362151237,
    "leakage": 2.3388682121496793,
    "reconstruction_quality": 3.7040318803078766e-31,
    "gradient_flow": 12.771367189992233,
    "dsqg_dense_coverage": 0.75,
    "dsqg_mid_coverage": 1.0,
    "dsqg_long_coverage": 1.0
  },
  "composite_score": 0.7196699358362584,
  "vs_d4_delta": -0.11616339749707483,
  "runtime_ms": 7
}