{
  "checkpoint": "checkpoints/2048_condM_85m_checkpoints/best.pt",
  "n_tokens": 269,
  "dsqg_layers": [
    0,
    1,
    2,
    3,
    4,
    5,
    6,
    7,
    8,
    9,
    10
  ],
  "if_gains": {},
  "pos_bias_l0_per_head_mean": [
    -0.6399508118629456,
    -1.5076324939727783,
    -2.3609488010406494,
    -3.126166343688965,
    -3.8737990856170654,
    -4.652726650238037,
    -5.3334126472473145,
    -6.080478191375732
  ],
  "offsets": [
    0,
    1,
    2,
    3,
    4,
    5,
    6,
    7,
    8,
    9,
    10,
    11,
    12,
    13,
    14,
    15,
    16,
    17,
    18,
    19,
    20,
    21,
    22,
    23,
    24,
    25,
    26,
    27,
    28,
    29,
    30,
    31,
    32,
    48,
    64,
    96,
    128,
    192,
    256,
    384,
    512,
    768,
    1024,
    1536
  ]
}