{
  "checkpoint": "checkpoints/condU/best.pt",
  "n_tokens": 269,
  "dsqg_layers": [
    0,
    1,
    2,
    3,
    4
  ],
  "if_gains": {
    "0": [
      0.7665212750434875,
      0.7847098708152771,
      0.8291495442390442,
      0.6603705883026123,
      0.7829027771949768,
      0.7245326638221741,
      0.6431445479393005,
      0.5805137157440186
    ],
    "1": [
      1.0420197248458862,
      1.022032618522644,
      0.9997860789299011,
      0.9776362180709839,
      0.9774642586708069,
      0.9282788038253784,
      0.9297478795051575,
      0.890957772731781
    ],
    "2": [
      1.0694259405136108,
      1.1403553485870361,
      1.0846718549728394,
      1.0714061260223389,
      1.0280979871749878,
      1.0605137348175049,
      0.9869973063468933,
      1.0023932456970215
    ],
    "3": [
      1.1341861486434937,
      1.154313087463379,
      1.0139799118041992,
      1.0437476634979248,
      1.1240839958190918,
      1.050443172454834,
      1.0886683464050293,
      1.0773990154266357
    ],
    "4": [
      1.101401448249817,
      1.1550381183624268,
      1.1305335760116577,
      1.1752334833145142,
      1.0677359104156494,
      1.1344810724258423,
      1.1623929738998413,
      0.9912530183792114
    ]
  },
  "pos_bias_l0_per_head_mean": [
    -0.5555335879325867,
    -1.2961596250534058,
    -1.9633140563964844,
    -2.7440457344055176,
    -3.2072272300720215,
    -3.852914333343506,
    -4.565938472747803,
    -5.170161724090576
  ],
  "offsets": [
    0,
    1,
    2,
    3,
    4,
    5,
    6,
    7,
    8,
    9,
    10,
    11,
    12,
    13,
    14,
    15,
    16,
    17,
    18,
    19,
    20,
    21,
    22,
    23,
    24,
    25,
    26,
    27,
    28,
    29,
    30,
    31,
    32,
    48,
    64,
    96,
    128,
    192,
    256,
    384,
    512,
    768,
    1024,
    1536
  ]
}