{
  "checkpoint": "checkpoints/condX_v2_35m_bf16/best.pt",
  "n_tokens": 269,
  "dsqg_layers": [
    0,
    1,
    2,
    3,
    4
  ],
  "if_gains": {
    "0": [
      0.7155759334564209,
      0.64115309715271,
      0.6604267954826355,
      0.5634397268295288,
      0.4752391278743744,
      0.4616221487522125,
      0.4830646216869354,
      0.46641379594802856
    ],
    "1": [
      1.0082191228866577,
      0.9465364217758179,
      0.9406525492668152,
      0.945336103439331,
      0.9148921966552734,
      0.8158120512962341,
      0.8310548067092896,
      0.8139660954475403
    ],
    "2": [
      0.9568527936935425,
      1.0201358795166016,
      0.9836408495903015,
      0.964603841304779,
      0.9850957989692688,
      0.9561384320259094,
      0.9219959378242493,
      0.9348417520523071
    ],
    "3": [
      1.1755157709121704,
      1.135526180267334,
      1.0450832843780518,
      1.0944716930389404,
      1.0742486715316772,
      1.127199649810791,
      1.030029058456421,
      1.08607816696167
    ],
    "4": [
      1.1614028215408325,
      1.0742380619049072,
      1.125765323638916,
      1.1894479990005493,
      1.1644258499145508,
      0.9828447699546814,
      1.1619038581848145,
      0.9914973974227905
    ]
  },
  "pos_bias_l0_per_head_mean": [
    -0.5395658016204834,
    -1.33623468875885,
    -2.0066308975219727,
    -2.7947113513946533,
    -3.397935628890991,
    -4.086909770965576,
    -4.627730846405029,
    -5.367096424102783
  ],
  "offsets": [
    0,
    1,
    2,
    3,
    4,
    5,
    6,
    7,
    8,
    9,
    10,
    11,
    12,
    13,
    14,
    15,
    16,
    17,
    18,
    19,
    20,
    21,
    22,
    23,
    24,
    25,
    26,
    27,
    28,
    29,
    30,
    31,
    32,
    48,
    64,
    96,
    128,
    192,
    256,
    384,
    512,
    768,
    1024,
    1536
  ]
}