{
  "checkpoint": "checkpoints/condU/best.pt",
  "n_tokens": 269,
  "dsqg_layers": [
    0,
    1,
    2,
    3,
    4
  ],
  "if_gains": {
    "0": [
      0.8124256730079651,
      0.7897162437438965,
      0.7175931930541992,
      0.8003172278404236,
      0.5793403387069702,
      0.6667153239250183,
      0.6817553639411926,
      0.6354856491088867
    ],
    "1": [
      0.9751607179641724,
      1.0402177572250366,
      0.9848924875259399,
      0.9457336664199829,
      0.9763685464859009,
      0.9467641711235046,
      0.9153701066970825,
      0.879324734210968
    ],
    "2": [
      1.0128508806228638,
      1.1104657649993896,
      1.027057409286499,
      1.0991392135620117,
      1.0464017391204834,
      1.0878877639770508,
      1.0441604852676392,
      1.0152232646942139
    ],
    "3": [
      1.2056102752685547,
      1.0784714221954346,
      1.1155492067337036,
      0.9776145815849304,
      1.0926055908203125,
      1.0000749826431274,
      1.1075164079666138,
      1.0976765155792236
    ],
    "4": [
      1.1425633430480957,
      1.1117970943450928,
      1.1243412494659424,
      1.113302230834961,
      1.0379372835159302,
      1.0296367406845093,
      1.101654052734375,
      1.1165244579315186
    ]
  },
  "pos_bias_l0_per_head_mean": [
    -0.4860318899154663,
    -1.2693791389465332,
    -2.061889886856079,
    -2.5854578018188477,
    -3.3242456912994385,
    -3.882711172103882,
    -4.477027416229248,
    -5.1399455070495605
  ],
  "offsets": [
    0,
    1,
    2,
    3,
    4,
    5,
    6,
    7,
    8,
    9,
    10,
    11,
    12,
    13,
    14,
    15,
    16,
    17,
    18,
    19,
    20,
    21,
    22,
    23,
    24,
    25,
    26,
    27,
    28,
    29,
    30,
    31,
    32,
    48,
    64,
    96,
    128,
    192,
    256,
    384,
    512,
    768,
    1024,
    1536
  ]
}