{
  "checkpoint": "checkpoints/condW/best.pt",
  "n_tokens": 269,
  "dsqg_layers": [
    0,
    1,
    2,
    3,
    4,
    5
  ],
  "if_gains": {
    "0": [
      1.2003207206726074,
      1.1803936958312988,
      1.11288321018219,
      1.087769627571106,
      1.056410789489746,
      1.0432493686676025,
      0.9971988797187805,
      1.0380723476409912
    ],
    "1": [
      1.2176710367202759,
      1.247003197669983,
      1.2575745582580566,
      1.2440475225448608,
      1.2512576580047607,
      1.2340224981307983,
      1.144933819770813,
      1.166301965713501
    ],
    "2": [
      1.3167541027069092,
      1.3328485488891602,
      1.3595048189163208,
      1.3322384357452393,
      1.322210669517517,
      1.2599437236785889,
      1.310856580734253,
      1.2113702297210693
    ],
    "3": [
      1.6286360025405884,
      1.4184120893478394,
      1.181537389755249,
      1.4433568716049194,
      1.3754907846450806,
      1.3083603382110596,
      1.2550926208496094,
      1.4193378686904907
    ],
    "4": [
      1.6178611516952515,
      1.6218245029449463,
      1.4354352951049805,
      1.291365623474121,
      1.42466139793396,
      1.472569465637207,
      1.3447837829589844,
      1.4572151899337769
    ],
    "5": [
      1.5225414037704468,
      1.487174391746521,
      1.5595699548721313,
      1.5276448726654053,
      1.4329073429107666,
      1.3778131008148193,
      1.339827060699463,
      1.4286149740219116
    ]
  },
  "pos_bias_l0_per_head_mean": [
    -0.644061803817749,
    -1.5759238004684448,
    -2.395589590072632,
    -3.3092665672302246,
    -4.057981967926025,
    -4.8997721672058105,
    -5.913721084594727,
    -6.515574932098389
  ],
  "offsets": [
    0,
    1,
    2,
    3,
    4,
    5,
    6,
    7,
    8,
    9,
    10,
    11,
    12,
    13,
    14,
    15,
    16,
    17,
    18,
    19,
    20,
    21,
    22,
    23,
    24,
    25,
    26,
    27,
    28,
    29,
    30,
    31,
    32,
    48,
    64,
    96,
    128,
    192,
    256,
    384,
    512,
    768,
    1024,
    1536
  ]
}