{
  "checkpoint": "checkpoints/d41_35m/best.pt",
  "n_tokens": 42,
  "dsqg_layers": [
    0,
    1,
    2,
    3,
    4
  ],
  "if_gains": {
    "0": [
      0.5683072209358215,
      0.5077806115150452,
      0.4828614890575409,
      0.5049245953559875,
      0.33438894152641296,
      0.25832056999206543,
      0.3393048644065857,
      0.2592410445213318
    ],
    "1": [
      0.8829670548439026,
      0.8988360166549683,
      0.9183825850486755,
      0.8926559090614319,
      0.7719826698303223,
      0.7259621620178223,
      0.7219080924987793,
      0.7302960157394409
    ],
    "2": [
      0.9469060897827148,
      0.8575589060783386,
      0.9310775399208069,
      1.0124640464782715,
      0.9681577086448669,
      0.9011989235877991,
      0.895782470703125,
      0.8380249738693237
    ],
    "3": [
      1.4460158348083496,
      1.1445204019546509,
      1.0920647382736206,
      1.2445497512817383,
      1.1298397779464722,
      1.184861183166504,
      1.0744576454162598,
      1.1306405067443848
    ],
    "4": [
      1.2020084857940674,
      1.0847829580307007,
      1.1793895959854126,
      1.2847882509231567,
      1.0898518562316895,
      1.0904406309127808,
      1.2368576526641846,
      0.9050235748291016
    ]
  },
  "pos_bias_l0_per_head_mean": [
    -0.3530283272266388,
    -0.9812934398651123,
    -1.4393330812454224,
    -1.8786563873291016,
    -2.530486822128296,
    -3.02128267288208,
    -3.2362475395202637,
    -3.882401704788208
  ],
  "offsets": [
    0,
    1,
    2,
    3,
    4,
    5,
    6,
    7,
    8,
    9,
    10,
    11,
    12,
    13,
    14,
    15,
    16,
    17,
    18,
    19,
    20,
    21,
    22,
    23,
    24,
    25,
    26,
    27,
    28,
    29,
    30,
    31,
    32,
    33,
    34,
    35,
    36,
    37,
    38,
    39,
    40,
    41,
    42,
    43,
    44,
    45,
    46,
    47,
    48,
    96,
    128,
    384
  ]
}