{
  "checkpoint": "checkpoints/d41_35m_pure/best.pt",
  "n_tokens": 269,
  "dsqg_layers": [
    0,
    1,
    2,
    3,
    4
  ],
  "if_gains": {
    "0": [
      0.5894845724105835,
      0.5133504271507263,
      0.4975755512714386,
      0.4434524178504944,
      0.35908079147338867,
      0.29293444752693176,
      0.2966371476650238,
      0.2523950934410095
    ],
    "1": [
      0.7833800315856934,
      1.0217927694320679,
      0.9467641115188599,
      0.8420747518539429,
      0.6954247355461121,
      0.8280579447746277,
      0.6947177052497864,
      0.768165647983551
    ],
    "2": [
      0.867293655872345,
      0.9575909972190857,
      1.0727277994155884,
      1.0187690258026123,
      0.9829551577568054,
      1.0037347078323364,
      0.9117347002029419,
      0.9263799786567688
    ],
    "3": [
      1.437853217124939,
      1.3433798551559448,
      1.1437087059020996,
      1.2622681856155396,
      1.2761085033416748,
      1.1369825601577759,
      1.153442621231079,
      1.1911240816116333
    ],
    "4": [
      1.441206693649292,
      1.2000885009765625,
      1.19014310836792,
      1.1297367811203003,
      1.2315690517425537,
      1.2433662414550781,
      1.2489584684371948,
      1.270334243774414
    ]
  },
  "pos_bias_l0_per_head_mean": [
    -0.33993053436279297,
    -0.91800457239151,
    -1.4341447353363037,
    -1.9540232419967651,
    -2.5202903747558594,
    -2.967451333999634,
    -3.4236297607421875,
    -3.9019408226013184
  ],
  "offsets": [
    0,
    1,
    2,
    3,
    4,
    5,
    6,
    7,
    8,
    9,
    10,
    11,
    12,
    13,
    14,
    15,
    16,
    17,
    18,
    19,
    20,
    21,
    22,
    23,
    24,
    25,
    26,
    27,
    28,
    29,
    30,
    31,
    32,
    33,
    34,
    35,
    36,
    37,
    38,
    39,
    40,
    41,
    42,
    43,
    44,
    45,
    46,
    47,
    48,
    96,
    128,
    384
  ]
}